{"cameraMode":{"drawMode":0,"name":"Shaded","section":"Shading Mode"},"sceneLighting":true,"audioPlay":false,"sceneViewState":{"m_AlwaysRefresh":false,"showFog":true,"showSkybox":true,"showFlares":true,"showImageEffects":true,"showParticleSystems":true,"showVisualEffectGraphs":true,"m_FxEnabled":true},"in2DMode":false,"pivot":{"x":0.6870226860046387,"y":-17.511627197265626,"z":41.158260345458987},"rotation":{"x":-0.24234171211719514,"y":-0.015428432263433934,"z":0.0038532717153429987,"w":-0.9700645804405212},"size":29.932743072509767,"orthographic":false}